,batch_size,encoding,learning_rate,lookback_len,model,n_epochs,num_layers,pred_len,input_size,mae,mse,mape,r2
0,64,,0.001,48,DLinear,11,1,10,8,0.3828864358365536,0.5773272924125195,,0.32537146657705307
1,64,,0.001,76,DLinear,11,1,10,8,0.393545500934124,0.5502938106656075,,0.10492327064275742
2,64,,0.001,100,DLinear,11,1,10,8,0.3724464305809566,0.5431670035634723,,0.38475044284548077
3,64,,0.001,200,DLinear,11,1,10,8,0.3852553864320119,0.5102862194180489,,-0.19246731201807657
4,64,,0.001,300,DLinear,11,1,10,8,0.40151724964380264,0.5184300616383553,,0.39790889620780945
5,64,,0.001,400,DLinear,11,1,10,8,0.4875444769859314,0.4682682553927104,,-1.7226062814394634
