;batch_size;encoding;features;learning_rate;lookback_len;model;n_epochs;num_layers;pred_len;input_size;mae;mse;mape;r2
0;64;;['thermal_consumption_kwh'];0.001;75;DLinear;15;1;24;75;0.4090532204684089;0.6504462186027976;1.189412823494743;0.2630966481040506
1;64;;['thermal_consumption_kwh'];0.001;75;DLinear;25;1;24;75;0.4090627852608176;0.6506359857671401;1.1873376071453094;0.2628661183749928
2;64;;['thermal_consumption_kwh'];0.0001;75;DLinear;15;1;24;75;0.41388619296691;0.6115256337558522;1.3362269366488737;0.30157280669492836
3;64;;['thermal_consumption_kwh'];0.0001;75;DLinear;25;1;24;75;0.4088199576910804;0.6136804801576278;1.328655043069054;0.29978175373638377
