,batch_size,encoding,hidden_size,learning_rate,lookback_len,model,n_epochs,num_layers,pred_len,input_size,mae,mse,mape,r2
0,64,,50,0.001,76,lstm,15,1,10,8,0.19939598441123962,0.17213753703981638,,-0.058797091245651245
1,64,,75,0.001,76,lstm,15,1,10,8,0.20375748351216316,0.17344347201287746,,-0.08985872566699982
