,batch_size,encoding,hidden_size,learning_rate,lookback_len,n_epochs,num_layers,pred_len,input_size,mae,mse,mape,r2
0,64,,50,0.001,48,11,1,10,8,0.2242860496044159,0.2783042658120394,,-0.09967184066772461
1,64,,50,0.001,76,11,1,10,8,0.19114335626363754,0.1634844494983554,,0.012664303183555603
2,64,,50,0.001,100,11,1,10,8,0.21045922736326853,0.2635082999865214,,-0.07560193538665771
3,64,,75,0.001,48,11,1,10,8,0.19691147282719612,0.2692901073023677,,0.030703574419021606
4,64,,75,0.001,76,11,1,10,8,0.20536095649003983,0.16619234904646873,,-0.022068127989768982
5,64,,75,0.001,100,11,1,10,8,0.20468940337498984,0.26837355891863507,,-0.04523758093516032
