,activation1,activation2,batch_size,encoding,epochs,lr,model,n_hidden1,n_hidden2,mae,mse,mape,r2
0,relu,sigmoid,64,onehot,11,0.001,nn,100,50,0.2569619529225366,0.20520635550038094,3.2160908062522933,-0.09070664858396293
1,relu,sigmoid,64,onehot,11,0.001,nn,250,50,0.28104709538822914,0.2213705906866641,3.4242975028398064,-0.1766223052602065
2,relu,sigmoid,64,onehot,11,0.001,nn,500,50,0.24795065789813384,0.19941929639301487,3.0176443565606115,-0.059947446078946864
3,relu,relu,64,onehot,11,0.001,nn,100,50,0.27936554911019573,0.22743099526116797,3.427004493716365,-0.20883438537050192
4,relu,relu,64,onehot,11,0.001,nn,250,50,0.2555704676685563,0.216724156524469,3.5004068574635516,-0.1519257181561855
5,relu,relu,64,onehot,11,0.001,nn,500,50,0.284122758858476,0.24370480156136398,5.21653037847569,-0.29533243113574836
