,batch_size,encoding,learning_rate,lookback_len,model,n_epochs,num_layers,pred_len,input_size,mae,mse,mape,r2
0,64,,0.001,48,DLinear,11,1,10,8,0.35604267939925194,0.40688214264810085,,0.6240604072809219
1,64,,0.001,76,DLinear,11,1,10,8,0.3209732696413994,0.35457123443484306,,0.6323020309209824
2,64,,0.001,100,DLinear,11,1,10,8,0.32088773804051535,0.35647030494042803,,0.6369069814682007
3,64,,0.001,200,DLinear,11,1,10,8,0.3176615685224533,0.29152746001879376,,0.6695597072442373
