;batch_size;encoding;learning_rate;lookback_len;model;n_epochs;num_layers;pred_len;input_size;mae;mse;mape;r2
0;64;;0.001;48;DLinear;11;1;10;8;0.3574502430856228;0.4295447804033756;;0.6319155469536781
1;64;;0.001;76;DLinear;11;1;10;8;0.34111005906015635;0.41228394117206335;;0.6484288945794106
2;64;;0.001;100;DLinear;11;1;10;8;0.3243554411455989;0.3878048127517104;;0.6662612892687321
3;64;;0.001;200;DLinear;11;1;10;8;0.34017612997974667;0.4101115579583815;;0.6733646605695996
4;64;;0.001;300;DLinear;11;1;10;8;0.36229873821139336;0.4061975032091141;;0.6544110576311747
5;64;;0.001;400;DLinear;11;1;10;8;0.3639205179431222;0.37326820397918875;;0.6671115268360485
